[
  {
    "slug": "x8yods",
    "isHero": false,
    "alt": "ctg6emu",
    "caption": "wpwsyn",
    "url": "https://picsum.photos/seed/x8yods/555/857",
    "tags": [
      {
        "id": 92,
        "slug": "tkrq7ocu",
        "name": "tkrq7ocu",
        "icon": "https://picsum.photos/seed/tkrq7ocu/20/20"
      },
      {
        "id": 44,
        "slug": "hz3q3d8x6",
        "name": "hz3q3d8x6",
        "icon": "https://picsum.photos/seed/hz3q3d8x6/20/20"
      },
      {
        "id": 7,
        "slug": "camn5o9hg",
        "name": "camn5o9hg",
        "icon": "https://picsum.photos/seed/camn5o9hg/20/20"
      },
      {
        "id": 58,
        "slug": "ybsb37vd4",
        "name": "ybsb37vd4",
        "icon": "https://picsum.photos/seed/ybsb37vd4/20/20"
      },
      {
        "id": 30,
        "slug": "nbh6qa0l",
        "name": "nbh6qa0l",
        "icon": "https://picsum.photos/seed/nbh6qa0l/20/20"
      },
      {
        "id": 90,
        "slug": "hs57wrx5",
        "name": "hs57wrx5",
        "icon": "https://picsum.photos/seed/hs57wrx5/20/20"
      },
      {
        "id": 21,
        "slug": "bcmk4un1m",
        "name": "bcmk4un1m",
        "icon": "https://picsum.photos/seed/bcmk4un1m/20/20"
      }
    ]
  },
  {
    "slug": "a8yods",
    "isHero": false,
    "alt": "ytg6emu",
    "caption": "wpwsyn",
    "url": "https://www.youtube.com/watch?v=HzRl0e7Em2Q",
    "tags": [
      {
        "id": 58,
        "slug": "ybsb37vd4",
        "name": "ybsb37vd4",
        "icon": "https://picsum.photos/seed/ybsb37vd4/20/20"
      }
    ]
  },
  {
    "slug": "rc3fuk",
    "isHero": false,
    "alt": "4njd0h",
    "caption": "fl6kaj",
    "url": "https://picsum.photos/seed/rc3fuk/350/316",
    "tags": [
      {
        "id": 58,
        "slug": "ybsb37vd4",
        "name": "ybsb37vd4",
        "icon": "https://picsum.photos/seed/ybsb37vd4/20/20"
      },
      {
        "id": 90,
        "slug": "hs57wrx5",
        "name": "hs57wrx5",
        "icon": "https://picsum.photos/seed/hs57wrx5/20/20"
      },
      {
        "id": 30,
        "slug": "nbh6qa0l",
        "name": "nbh6qa0l",
        "icon": "https://picsum.photos/seed/nbh6qa0l/20/20"
      },
      {
        "id": 91,
        "slug": "1tiqih3we",
        "name": "1tiqih3we",
        "icon": "https://picsum.photos/seed/1tiqih3we/20/20"
      }
    ]
  },
  {
    "slug": "muf1f",
    "isHero": false,
    "alt": "7ylsbf",
    "caption": "knwopd",
    "url": "https://picsum.photos/seed/muf1f/275/324",
    "tags": [
      {
        "id": 58,
        "slug": "ybsb37vd4",
        "name": "ybsb37vd4",
        "icon": "https://picsum.photos/seed/ybsb37vd4/20/20"
      },
      {
        "id": 36,
        "slug": "p5hotuj35",
        "name": "p5hotuj35",
        "icon": "https://picsum.photos/seed/p5hotuj35/20/20"
      },
      {
        "id": 90,
        "slug": "hs57wrx5",
        "name": "hs57wrx5",
        "icon": "https://picsum.photos/seed/hs57wrx5/20/20"
      }
    ]
  },
  {
    "slug": "lw14q",
    "isHero": false,
    "alt": "chyqbi",
    "caption": "xblriq",
    "url": "https://picsum.photos/seed/lw14q/342/246",
    "tags": [
      {
        "id": 58,
        "slug": "ybsb37vd4",
        "name": "ybsb37vd4",
        "icon": "https://picsum.photos/seed/ybsb37vd4/20/20"
      },
      {
        "id": 91,
        "slug": "1tiqih3we",
        "name": "1tiqih3we",
        "icon": "https://picsum.photos/seed/1tiqih3we/20/20"
      },
      {
        "id": 21,
        "slug": "bcmk4un1m",
        "name": "bcmk4un1m",
        "icon": "https://picsum.photos/seed/bcmk4un1m/20/20"
      },
      {
        "id": 7,
        "slug": "camn5o9hg",
        "name": "camn5o9hg",
        "icon": "https://picsum.photos/seed/camn5o9hg/20/20"
      }
    ]
  },
  {
    "slug": "01qk4",
    "isHero": false,
    "alt": "963kg9",
    "caption": "hpocja",
    "url": "https://picsum.photos/seed/01qk4/260/268",
    "tags": [
      {
        "id": 30,
        "slug": "nbh6qa0l",
        "name": "nbh6qa0l",
        "icon": "https://picsum.photos/seed/nbh6qa0l/20/20"
      }
    ]
  },
  {
    "slug": "ul5xyo",
    "isHero": false,
    "alt": "fk0467",
    "caption": "cjp6yy",
    "url": "https://picsum.photos/seed/ul5xyo/348/359",
    "tags": [
      {
        "id": 21,
        "slug": "bcmk4un1m",
        "name": "bcmk4un1m",
        "icon": "https://picsum.photos/seed/bcmk4un1m/20/20"
      },
      {
        "id": 36,
        "slug": "p5hotuj35",
        "name": "p5hotuj35",
        "icon": "https://picsum.photos/seed/p5hotuj35/20/20"
      },
      {
        "id": 90,
        "slug": "hs57wrx5",
        "name": "hs57wrx5",
        "icon": "https://picsum.photos/seed/hs57wrx5/20/20"
      },
      {
        "id": 58,
        "slug": "ybsb37vd4",
        "name": "ybsb37vd4",
        "icon": "https://picsum.photos/seed/ybsb37vd4/20/20"
      },
      {
        "id": 30,
        "slug": "nbh6qa0l",
        "name": "nbh6qa0l",
        "icon": "https://picsum.photos/seed/nbh6qa0l/20/20"
      },
      {
        "id": 7,
        "slug": "camn5o9hg",
        "name": "camn5o9hg",
        "icon": "https://picsum.photos/seed/camn5o9hg/20/20"
      },
      {
        "id": 92,
        "slug": "tkrq7ocu",
        "name": "tkrq7ocu",
        "icon": "https://picsum.photos/seed/tkrq7ocu/20/20"
      },
      {
        "id": 31,
        "slug": "ge5kjmfe",
        "name": "ge5kjmfe",
        "icon": "https://picsum.photos/seed/ge5kjmfe/20/20"
      }
    ]
  },
  {
    "slug": "fg94y",
    "isHero": false,
    "alt": "248iyk",
    "caption": "oxsf3p",
    "url": "https://picsum.photos/seed/fg94y/302/318",
    "tags": [
      {
        "id": 92,
        "slug": "tkrq7ocu",
        "name": "tkrq7ocu",
        "icon": "https://picsum.photos/seed/tkrq7ocu/20/20"
      },
      {
        "id": 21,
        "slug": "bcmk4un1m",
        "name": "bcmk4un1m",
        "icon": "https://picsum.photos/seed/bcmk4un1m/20/20"
      },
      {
        "id": 30,
        "slug": "nbh6qa0l",
        "name": "nbh6qa0l",
        "icon": "https://picsum.photos/seed/nbh6qa0l/20/20"
      }
    ]
  },
  {
    "slug": "tfvz3g",
    "isHero": false,
    "alt": "xs9t2v",
    "caption": "ik1r4",
    "url": "https://picsum.photos/seed/tfvz3g/396/317",
    "tags": [
      {
        "id": 31,
        "slug": "ge5kjmfe",
        "name": "ge5kjmfe",
        "icon": "https://picsum.photos/seed/ge5kjmfe/20/20"
      }
    ]
  },
  {
    "slug": "1bq33e",
    "isHero": false,
    "alt": "9pslo3",
    "caption": "88f7u",
    "url": "https://picsum.photos/seed/1bq33e/253/215",
    "tags": [
      {
        "id": 7,
        "slug": "camn5o9hg",
        "name": "camn5o9hg",
        "icon": "https://picsum.photos/seed/camn5o9hg/20/20"
      },
      {
        "id": 90,
        "slug": "hs57wrx5",
        "name": "hs57wrx5",
        "icon": "https://picsum.photos/seed/hs57wrx5/20/20"
      },
      {
        "id": 21,
        "slug": "bcmk4un1m",
        "name": "bcmk4un1m",
        "icon": "https://picsum.photos/seed/bcmk4un1m/20/20"
      },
      {
        "id": 30,
        "slug": "nbh6qa0l",
        "name": "nbh6qa0l",
        "icon": "https://picsum.photos/seed/nbh6qa0l/20/20"
      },
      {
        "id": 44,
        "slug": "hz3q3d8x6",
        "name": "hz3q3d8x6",
        "icon": "https://picsum.photos/seed/hz3q3d8x6/20/20"
      }
    ]
  },
  {
    "slug": "2m3pbfi",
    "isHero": false,
    "alt": "clk6mk",
    "caption": "x67b2p",
    "url": "https://picsum.photos/seed/2m3pbfi/248/219",
    "tags": [
      {
        "id": 44,
        "slug": "hz3q3d8x6",
        "name": "hz3q3d8x6",
        "icon": "https://picsum.photos/seed/hz3q3d8x6/20/20"
      },
      {
        "id": 21,
        "slug": "bcmk4un1m",
        "name": "bcmk4un1m",
        "icon": "https://picsum.photos/seed/bcmk4un1m/20/20"
      },
      {
        "id": 36,
        "slug": "p5hotuj35",
        "name": "p5hotuj35",
        "icon": "https://picsum.photos/seed/p5hotuj35/20/20"
      },
      {
        "id": 58,
        "slug": "ybsb37vd4",
        "name": "ybsb37vd4",
        "icon": "https://picsum.photos/seed/ybsb37vd4/20/20"
      },
      {
        "id": 91,
        "slug": "1tiqih3we",
        "name": "1tiqih3we",
        "icon": "https://picsum.photos/seed/1tiqih3we/20/20"
      },
      {
        "id": 92,
        "slug": "tkrq7ocu",
        "name": "tkrq7ocu",
        "icon": "https://picsum.photos/seed/tkrq7ocu/20/20"
      },
      {
        "id": 90,
        "slug": "hs57wrx5",
        "name": "hs57wrx5",
        "icon": "https://picsum.photos/seed/hs57wrx5/20/20"
      }
    ]
  },
  {
    "slug": "ewzq5",
    "isHero": false,
    "alt": "evjsq",
    "caption": "9tdns9",
    "url": "https://picsum.photos/seed/ewzq5/282/286",
    "tags": [
      {
        "id": 7,
        "slug": "camn5o9hg",
        "name": "camn5o9hg",
        "icon": "https://picsum.photos/seed/camn5o9hg/20/20"
      },
      {
        "id": 90,
        "slug": "hs57wrx5",
        "name": "hs57wrx5",
        "icon": "https://picsum.photos/seed/hs57wrx5/20/20"
      },
      {
        "id": 30,
        "slug": "nbh6qa0l",
        "name": "nbh6qa0l",
        "icon": "https://picsum.photos/seed/nbh6qa0l/20/20"
      },
      {
        "id": 31,
        "slug": "ge5kjmfe",
        "name": "ge5kjmfe",
        "icon": "https://picsum.photos/seed/ge5kjmfe/20/20"
      },
      {
        "id": 92,
        "slug": "tkrq7ocu",
        "name": "tkrq7ocu",
        "icon": "https://picsum.photos/seed/tkrq7ocu/20/20"
      }
    ]
  },
  {
    "slug": "bb6e58",
    "isHero": false,
    "alt": "zzjbm",
    "caption": "bh8nj",
    "url": "https://picsum.photos/seed/bb6e58/320/288",
    "tags": [
      {
        "id": 92,
        "slug": "tkrq7ocu",
        "name": "tkrq7ocu",
        "icon": "https://picsum.photos/seed/tkrq7ocu/20/20"
      },
      {
        "id": 31,
        "slug": "ge5kjmfe",
        "name": "ge5kjmfe",
        "icon": "https://picsum.photos/seed/ge5kjmfe/20/20"
      },
      {
        "id": 30,
        "slug": "nbh6qa0l",
        "name": "nbh6qa0l",
        "icon": "https://picsum.photos/seed/nbh6qa0l/20/20"
      }
    ]
  },
  {
    "slug": "9w9tkc",
    "isHero": false,
    "alt": "25wl1",
    "caption": "870pln",
    "url": "https://picsum.photos/seed/9w9tkc/290/287",
    "tags": [
      {
        "id": 7,
        "slug": "camn5o9hg",
        "name": "camn5o9hg",
        "icon": "https://picsum.photos/seed/camn5o9hg/20/20"
      },
      {
        "id": 92,
        "slug": "tkrq7ocu",
        "name": "tkrq7ocu",
        "icon": "https://picsum.photos/seed/tkrq7ocu/20/20"
      },
      {
        "id": 58,
        "slug": "ybsb37vd4",
        "name": "ybsb37vd4",
        "icon": "https://picsum.photos/seed/ybsb37vd4/20/20"
      }
    ]
  },
  {
    "slug": "o2zvk",
    "isHero": false,
    "alt": "rbdcra",
    "caption": "rt2xf",
    "url": "https://picsum.photos/seed/o2zvk/356/342",
    "tags": [
      {
        "id": 44,
        "slug": "hz3q3d8x6",
        "name": "hz3q3d8x6",
        "icon": "https://picsum.photos/seed/hz3q3d8x6/20/20"
      },
      {
        "id": 58,
        "slug": "ybsb37vd4",
        "name": "ybsb37vd4",
        "icon": "https://picsum.photos/seed/ybsb37vd4/20/20"
      },
      {
        "id": 31,
        "slug": "ge5kjmfe",
        "name": "ge5kjmfe",
        "icon": "https://picsum.photos/seed/ge5kjmfe/20/20"
      }
    ]
  },
  {
    "slug": "7x84dl",
    "isHero": false,
    "alt": "1ztv8",
    "caption": "l33fr",
    "url": "https://picsum.photos/seed/7x84dl/283/276",
    "tags": [
      {
        "id": 44,
        "slug": "hz3q3d8x6",
        "name": "hz3q3d8x6",
        "icon": "https://picsum.photos/seed/hz3q3d8x6/20/20"
      },
      {
        "id": 7,
        "slug": "camn5o9hg",
        "name": "camn5o9hg",
        "icon": "https://picsum.photos/seed/camn5o9hg/20/20"
      }
    ]
  },
  {
    "slug": "y68y4f",
    "isHero": false,
    "alt": "6jd0zj",
    "caption": "9ibcts",
    "url": "https://picsum.photos/seed/y68y4f/315/352",
    "tags": [
      {
        "id": 91,
        "slug": "1tiqih3we",
        "name": "1tiqih3we",
        "icon": "https://picsum.photos/seed/1tiqih3we/20/20"
      },
      {
        "id": 90,
        "slug": "hs57wrx5",
        "name": "hs57wrx5",
        "icon": "https://picsum.photos/seed/hs57wrx5/20/20"
      },
      {
        "id": 58,
        "slug": "ybsb37vd4",
        "name": "ybsb37vd4",
        "icon": "https://picsum.photos/seed/ybsb37vd4/20/20"
      },
      {
        "id": 30,
        "slug": "nbh6qa0l",
        "name": "nbh6qa0l",
        "icon": "https://picsum.photos/seed/nbh6qa0l/20/20"
      },
      {
        "id": 44,
        "slug": "hz3q3d8x6",
        "name": "hz3q3d8x6",
        "icon": "https://picsum.photos/seed/hz3q3d8x6/20/20"
      }
    ]
  },
  {
    "slug": "1f1wz",
    "isHero": false,
    "alt": "b2a0xi",
    "caption": "zhw4kc",
    "url": "https://picsum.photos/seed/1f1wz/253/393",
    "tags": [
      {
        "id": 58,
        "slug": "ybsb37vd4",
        "name": "ybsb37vd4",
        "icon": "https://picsum.photos/seed/ybsb37vd4/20/20"
      },
      {
        "id": 7,
        "slug": "camn5o9hg",
        "name": "camn5o9hg",
        "icon": "https://picsum.photos/seed/camn5o9hg/20/20"
      },
      {
        "id": 92,
        "slug": "tkrq7ocu",
        "name": "tkrq7ocu",
        "icon": "https://picsum.photos/seed/tkrq7ocu/20/20"
      },
      {
        "id": 90,
        "slug": "hs57wrx5",
        "name": "hs57wrx5",
        "icon": "https://picsum.photos/seed/hs57wrx5/20/20"
      }
    ]
  },
  {
    "slug": "qrbh1",
    "isHero": false,
    "alt": "rmbogp",
    "caption": "nr1nxy",
    "url": "https://picsum.photos/seed/qrbh1/387/365",
    "tags": [
      {
        "id": 90,
        "slug": "hs57wrx5",
        "name": "hs57wrx5",
        "icon": "https://picsum.photos/seed/hs57wrx5/20/20"
      },
      {
        "id": 92,
        "slug": "tkrq7ocu",
        "name": "tkrq7ocu",
        "icon": "https://picsum.photos/seed/tkrq7ocu/20/20"
      },
      {
        "id": 91,
        "slug": "1tiqih3we",
        "name": "1tiqih3we",
        "icon": "https://picsum.photos/seed/1tiqih3we/20/20"
      }
    ]
  },
  {
    "slug": "h1jzlk",
    "isHero": false,
    "alt": "29ajgd",
    "caption": "hp16z",
    "url": "https://picsum.photos/seed/h1jzlk/364/245",
    "tags": [
      {
        "id": 31,
        "slug": "ge5kjmfe",
        "name": "ge5kjmfe",
        "icon": "https://picsum.photos/seed/ge5kjmfe/20/20"
      },
      {
        "id": 7,
        "slug": "camn5o9hg",
        "name": "camn5o9hg",
        "icon": "https://picsum.photos/seed/camn5o9hg/20/20"
      },
      {
        "id": 36,
        "slug": "p5hotuj35",
        "name": "p5hotuj35",
        "icon": "https://picsum.photos/seed/p5hotuj35/20/20"
      },
      {
        "id": 44,
        "slug": "hz3q3d8x6",
        "name": "hz3q3d8x6",
        "icon": "https://picsum.photos/seed/hz3q3d8x6/20/20"
      },
      {
        "id": 91,
        "slug": "1tiqih3we",
        "name": "1tiqih3we",
        "icon": "https://picsum.photos/seed/1tiqih3we/20/20"
      }
    ]
  },
  {
    "slug": "qjr6dp",
    "isHero": false,
    "alt": "wuwwn",
    "caption": "axmpwf",
    "url": "https://picsum.photos/seed/qjr6dp/277/260",
    "tags": [
      {
        "id": 7,
        "slug": "camn5o9hg",
        "name": "camn5o9hg",
        "icon": "https://picsum.photos/seed/camn5o9hg/20/20"
      },
      {
        "id": 58,
        "slug": "ybsb37vd4",
        "name": "ybsb37vd4",
        "icon": "https://picsum.photos/seed/ybsb37vd4/20/20"
      },
      {
        "id": 21,
        "slug": "bcmk4un1m",
        "name": "bcmk4un1m",
        "icon": "https://picsum.photos/seed/bcmk4un1m/20/20"
      },
      {
        "id": 44,
        "slug": "hz3q3d8x6",
        "name": "hz3q3d8x6",
        "icon": "https://picsum.photos/seed/hz3q3d8x6/20/20"
      },
      {
        "id": 90,
        "slug": "hs57wrx5",
        "name": "hs57wrx5",
        "icon": "https://picsum.photos/seed/hs57wrx5/20/20"
      },
      {
        "id": 92,
        "slug": "tkrq7ocu",
        "name": "tkrq7ocu",
        "icon": "https://picsum.photos/seed/tkrq7ocu/20/20"
      },
      {
        "id": 30,
        "slug": "nbh6qa0l",
        "name": "nbh6qa0l",
        "icon": "https://picsum.photos/seed/nbh6qa0l/20/20"
      }
    ]
  }
]
