{
  "__schema": {
    "queryType": { "name": "Query" },
    "mutationType": { "name": "Mutation" },
    "subscriptionType": null,
    "types": [
      {
        "kind": "OBJECT",
        "name": "Query",
        "description": null,
        "fields": [
          {
            "name": "getBlogs",
            "description": null,
            "args": [
              {
                "name": "page",
                "description": null,
                "type": { "kind": "SCALAR", "name": "Int", "ofType": null },
                "defaultValue": null
              }
            ],
            "type": {
              "kind": "LIST",
              "name": null,
              "ofType": {
                "kind": "NON_NULL",
                "name": null,
                "ofType": { "kind": "OBJECT", "name": "Blogs", "ofType": null }
              }
            },
            "isDeprecated": false,
            "deprecationReason": null
          },
          {
            "name": "getBlogsByID",
            "description": null,
            "args": [
              {
                "name": "blogID",
                "description": null,
                "type": { "kind": "SCALAR", "name": "Int", "ofType": null },
                "defaultValue": null
              }
            ],
            "type": {
              "kind": "NON_NULL",
              "name": null,
              "ofType": { "kind": "OBJECT", "name": "Blogs", "ofType": null }
            },
            "isDeprecated": false,
            "deprecationReason": null
          },
          {
            "name": "getCategories",
            "description": null,
            "args": [],
            "type": {
              "kind": "LIST",
              "name": null,
              "ofType": { "kind": "OBJECT", "name": "Category", "ofType": null }
            },
            "isDeprecated": false,
            "deprecationReason": null
          },
          {
            "name": "getCategoriesByID",
            "description": null,
            "args": [
              {
                "name": "categoryID",
                "description": null,
                "type": {
                  "kind": "NON_NULL",
                  "name": null,
                  "ofType": { "kind": "SCALAR", "name": "ID", "ofType": null }
                },
                "defaultValue": null
              }
            ],
            "type": { "kind": "OBJECT", "name": "Category", "ofType": null },
            "isDeprecated": false,
            "deprecationReason": null
          },
          {
            "name": "getCategoriesBySlug",
            "description": null,
            "args": [
              {
                "name": "slug",
                "description": null,
                "type": {
                  "kind": "NON_NULL",
                  "name": null,
                  "ofType": {
                    "kind": "SCALAR",
                    "name": "String",
                    "ofType": null
                  }
                },
                "defaultValue": null
              }
            ],
            "type": { "kind": "OBJECT", "name": "Category", "ofType": null },
            "isDeprecated": false,
            "deprecationReason": null
          },
          {
            "name": "getCities",
            "description": null,
            "args": [],
            "type": {
              "kind": "LIST",
              "name": null,
              "ofType": {
                "kind": "NON_NULL",
                "name": null,
                "ofType": { "kind": "OBJECT", "name": "City", "ofType": null }
              }
            },
            "isDeprecated": false,
            "deprecationReason": null
          },
          {
            "name": "getCitiesByID",
            "description": null,
            "args": [
              {
                "name": "cityId",
                "description": null,
                "type": {
                  "kind": "NON_NULL",
                  "name": null,
                  "ofType": { "kind": "SCALAR", "name": "ID", "ofType": null }
                },
                "defaultValue": null
              }
            ],
            "type": { "kind": "OBJECT", "name": "City", "ofType": null },
            "isDeprecated": false,
            "deprecationReason": null
          },
          {
            "name": "getCitiesBySlug",
            "description": null,
            "args": [
              {
                "name": "slug",
                "description": null,
                "type": {
                  "kind": "NON_NULL",
                  "name": null,
                  "ofType": {
                    "kind": "SCALAR",
                    "name": "String",
                    "ofType": null
                  }
                },
                "defaultValue": null
              }
            ],
            "type": { "kind": "OBJECT", "name": "City", "ofType": null },
            "isDeprecated": false,
            "deprecationReason": null
          },
          {
            "name": "Media",
            "description": null,
            "args": [],
            "type": {
              "kind": "LIST",
              "name": null,
              "ofType": { "kind": "OBJECT", "name": "Media", "ofType": null }
            },
            "isDeprecated": false,
            "deprecationReason": null
          },
          {
            "name": "MetaDetails",
            "description": null,
            "args": [],
            "type": {
              "kind": "LIST",
              "name": null,
              "ofType": {
                "kind": "OBJECT",
                "name": "MetaDetails",
                "ofType": null
              }
            },
            "isDeprecated": false,
            "deprecationReason": null
          },
          {
            "name": "getProfiles",
            "description": null,
            "args": [
              {
                "name": "postData",
                "description": null,
                "type": {
                  "kind": "NON_NULL",
                  "name": null,
                  "ofType": {
                    "kind": "INPUT_OBJECT",
                    "name": "ProfileInput",
                    "ofType": null
                  }
                },
                "defaultValue": null
              },
              {
                "name": "page",
                "description": null,
                "type": { "kind": "SCALAR", "name": "Int", "ofType": null },
                "defaultValue": null
              },
              {
                "name": "limit",
                "description": null,
                "type": { "kind": "SCALAR", "name": "Int", "ofType": null },
                "defaultValue": null
              }
            ],
            "type": {
              "kind": "LIST",
              "name": null,
              "ofType": {
                "kind": "NON_NULL",
                "name": null,
                "ofType": {
                  "kind": "OBJECT",
                  "name": "Profile",
                  "ofType": null
                }
              }
            },
            "isDeprecated": false,
            "deprecationReason": null
          },
          {
            "name": "getTotalProfilesCount",
            "description": null,
            "args": [
              {
                "name": "postData",
                "description": null,
                "type": {
                  "kind": "NON_NULL",
                  "name": null,
                  "ofType": {
                    "kind": "INPUT_OBJECT",
                    "name": "ProfileInput",
                    "ofType": null
                  }
                },
                "defaultValue": null
              }
            ],
            "type": { "kind": "SCALAR", "name": "Int", "ofType": null },
            "isDeprecated": false,
            "deprecationReason": null
          },
          {
            "name": "getProfilesByID",
            "description": null,
            "args": [
              {
                "name": "profileID",
                "description": null,
                "type": { "kind": "SCALAR", "name": "String", "ofType": null },
                "defaultValue": null
              }
            ],
            "type": { "kind": "OBJECT", "name": "Profile", "ofType": null },
            "isDeprecated": false,
            "deprecationReason": null
          },
          {
            "name": "ProfileRating",
            "description": null,
            "args": [],
            "type": {
              "kind": "LIST",
              "name": null,
              "ofType": {
                "kind": "OBJECT",
                "name": "ProfileRating",
                "ofType": null
              }
            },
            "isDeprecated": false,
            "deprecationReason": null
          },
          {
            "name": "search",
            "description": null,
            "args": [
              {
                "name": "postData",
                "description": null,
                "type": {
                  "kind": "NON_NULL",
                  "name": null,
                  "ofType": {
                    "kind": "INPUT_OBJECT",
                    "name": "SearchInput",
                    "ofType": null
                  }
                },
                "defaultValue": null
              }
            ],
            "type": { "kind": "OBJECT", "name": "Search", "ofType": null },
            "isDeprecated": false,
            "deprecationReason": null
          },
          {
            "name": "getSEM",
            "description": null,
            "args": [],
            "type": {
              "kind": "LIST",
              "name": null,
              "ofType": {
                "kind": "NON_NULL",
                "name": null,
                "ofType": { "kind": "OBJECT", "name": "Sem", "ofType": null }
              }
            },
            "isDeprecated": false,
            "deprecationReason": null
          },
          {
            "name": "getSEMByCityCategory",
            "description": null,
            "args": [
              {
                "name": "city",
                "description": null,
                "type": { "kind": "SCALAR", "name": "String", "ofType": null },
                "defaultValue": null
              },
              {
                "name": "category",
                "description": null,
                "type": { "kind": "SCALAR", "name": "String", "ofType": null },
                "defaultValue": null
              }
            ],
            "type": { "kind": "OBJECT", "name": "Sem", "ofType": null },
            "isDeprecated": false,
            "deprecationReason": null
          }
        ],
        "inputFields": null,
        "interfaces": [],
        "enumValues": null,
        "possibleTypes": null
      },
      {
        "kind": "SCALAR",
        "name": "Int",
        "description": "The `Int` scalar type represents non-fractional signed whole numeric values. Int can represent values between -(2^31) and 2^31 - 1.",
        "fields": null,
        "inputFields": null,
        "interfaces": null,
        "enumValues": null,
        "possibleTypes": null
      },
      {
        "kind": "OBJECT",
        "name": "Blogs",
        "description": null,
        "fields": [
          {
            "name": "content",
            "description": null,
            "args": [],
            "type": { "kind": "SCALAR", "name": "String", "ofType": null },
            "isDeprecated": false,
            "deprecationReason": null
          },
          {
            "name": "similar",
            "description": null,
            "args": [],
            "type": {
              "kind": "LIST",
              "name": null,
              "ofType": { "kind": "OBJECT", "name": "Blogs", "ofType": null }
            },
            "isDeprecated": false,
            "deprecationReason": null
          },
          {
            "name": "meta",
            "description": null,
            "args": [],
            "type": { "kind": "OBJECT", "name": "MetaDetails", "ofType": null },
            "isDeprecated": false,
            "deprecationReason": null
          },
          {
            "name": "excerpt",
            "description": null,
            "args": [],
            "type": { "kind": "SCALAR", "name": "String", "ofType": null },
            "isDeprecated": false,
            "deprecationReason": null
          },
          {
            "name": "heroPhoto",
            "description": null,
            "args": [],
            "type": { "kind": "OBJECT", "name": "Media", "ofType": null },
            "isDeprecated": false,
            "deprecationReason": null
          },
          {
            "name": "id",
            "description": null,
            "args": [],
            "type": {
              "kind": "NON_NULL",
              "name": null,
              "ofType": { "kind": "SCALAR", "name": "ID", "ofType": null }
            },
            "isDeprecated": false,
            "deprecationReason": null
          },
          {
            "name": "name",
            "description": null,
            "args": [],
            "type": {
              "kind": "NON_NULL",
              "name": null,
              "ofType": { "kind": "SCALAR", "name": "String", "ofType": null }
            },
            "isDeprecated": false,
            "deprecationReason": null
          },
          {
            "name": "publishedOn",
            "description": null,
            "args": [],
            "type": { "kind": "SCALAR", "name": "String", "ofType": null },
            "isDeprecated": false,
            "deprecationReason": null
          },
          {
            "name": "slug",
            "description": null,
            "args": [],
            "type": { "kind": "SCALAR", "name": "String", "ofType": null },
            "isDeprecated": false,
            "deprecationReason": null
          },
          {
            "name": "tags",
            "description": null,
            "args": [],
            "type": {
              "kind": "LIST",
              "name": null,
              "ofType": { "kind": "OBJECT", "name": "BlogTag", "ofType": null }
            },
            "isDeprecated": false,
            "deprecationReason": null
          }
        ],
        "inputFields": null,
        "interfaces": [],
        "enumValues": null,
        "possibleTypes": null
      },
      {
        "kind": "SCALAR",
        "name": "String",
        "description": "The `String` scalar type represents textual data, represented as UTF-8 character sequences. The String type is most often used by GraphQL to represent free-form human-readable text.",
        "fields": null,
        "inputFields": null,
        "interfaces": null,
        "enumValues": null,
        "possibleTypes": null
      },
      {
        "kind": "OBJECT",
        "name": "MetaDetails",
        "description": null,
        "fields": [
          {
            "name": "title",
            "description": null,
            "args": [],
            "type": {
              "kind": "NON_NULL",
              "name": null,
              "ofType": { "kind": "SCALAR", "name": "String", "ofType": null }
            },
            "isDeprecated": false,
            "deprecationReason": null
          },
          {
            "name": "description",
            "description": null,
            "args": [],
            "type": {
              "kind": "NON_NULL",
              "name": null,
              "ofType": { "kind": "SCALAR", "name": "String", "ofType": null }
            },
            "isDeprecated": false,
            "deprecationReason": null
          },
          {
            "name": "keywords",
            "description": null,
            "args": [],
            "type": { "kind": "SCALAR", "name": "String", "ofType": null },
            "isDeprecated": false,
            "deprecationReason": null
          },
          {
            "name": "image",
            "description": null,
            "args": [],
            "type": { "kind": "SCALAR", "name": "String", "ofType": null },
            "isDeprecated": false,
            "deprecationReason": null
          }
        ],
        "inputFields": null,
        "interfaces": [],
        "enumValues": null,
        "possibleTypes": null
      },
      {
        "kind": "OBJECT",
        "name": "Media",
        "description": null,
        "fields": [
          {
            "name": "altText",
            "description": null,
            "args": [],
            "type": { "kind": "SCALAR", "name": "String", "ofType": null },
            "isDeprecated": false,
            "deprecationReason": null
          },
          {
            "name": "caption",
            "description": null,
            "args": [],
            "type": { "kind": "SCALAR", "name": "String", "ofType": null },
            "isDeprecated": false,
            "deprecationReason": null
          },
          {
            "name": "isHero",
            "description": null,
            "args": [],
            "type": { "kind": "SCALAR", "name": "Boolean", "ofType": null },
            "isDeprecated": false,
            "deprecationReason": null
          },
          {
            "name": "slug",
            "description": null,
            "args": [],
            "type": {
              "kind": "NON_NULL",
              "name": null,
              "ofType": { "kind": "SCALAR", "name": "String", "ofType": null }
            },
            "isDeprecated": false,
            "deprecationReason": null
          },
          {
            "name": "url",
            "description": null,
            "args": [],
            "type": {
              "kind": "NON_NULL",
              "name": null,
              "ofType": { "kind": "SCALAR", "name": "String", "ofType": null }
            },
            "isDeprecated": false,
            "deprecationReason": null
          },
          {
            "name": "tags",
            "description": null,
            "args": [],
            "type": {
              "kind": "LIST",
              "name": null,
              "ofType": { "kind": "OBJECT", "name": "MediaTag", "ofType": null }
            },
            "isDeprecated": false,
            "deprecationReason": null
          },
          {
            "name": "thumbnail",
            "description": null,
            "args": [],
            "type": { "kind": "SCALAR", "name": "String", "ofType": null },
            "isDeprecated": false,
            "deprecationReason": null
          },
          {
            "name": "meta",
            "description": null,
            "args": [],
            "type": { "kind": "OBJECT", "name": "MetaDetails", "ofType": null },
            "isDeprecated": false,
            "deprecationReason": null
          }
        ],
        "inputFields": null,
        "interfaces": [],
        "enumValues": null,
        "possibleTypes": null
      },
      {
        "kind": "SCALAR",
        "name": "Boolean",
        "description": "The `Boolean` scalar type represents `true` or `false`.",
        "fields": null,
        "inputFields": null,
        "interfaces": null,
        "enumValues": null,
        "possibleTypes": null
      },
      {
        "kind": "OBJECT",
        "name": "MediaTag",
        "description": null,
        "fields": [
          {
            "name": "id",
            "description": null,
            "args": [],
            "type": {
              "kind": "NON_NULL",
              "name": null,
              "ofType": { "kind": "SCALAR", "name": "ID", "ofType": null }
            },
            "isDeprecated": false,
            "deprecationReason": null
          },
          {
            "name": "name",
            "description": null,
            "args": [],
            "type": {
              "kind": "NON_NULL",
              "name": null,
              "ofType": { "kind": "SCALAR", "name": "String", "ofType": null }
            },
            "isDeprecated": false,
            "deprecationReason": null
          }
        ],
        "inputFields": null,
        "interfaces": [],
        "enumValues": null,
        "possibleTypes": null
      },
      {
        "kind": "SCALAR",
        "name": "ID",
        "description": "The `ID` scalar type represents a unique identifier, often used to refetch an object or as key for a cache. The ID type appears in a JSON response as a String; however, it is not intended to be human-readable. When expected as an input type, any string (such as `\"4\"`) or integer (such as `4`) input value will be accepted as an ID.",
        "fields": null,
        "inputFields": null,
        "interfaces": null,
        "enumValues": null,
        "possibleTypes": null
      },
      {
        "kind": "OBJECT",
        "name": "BlogTag",
        "description": null,
        "fields": [
          {
            "name": "id",
            "description": null,
            "args": [],
            "type": {
              "kind": "NON_NULL",
              "name": null,
              "ofType": { "kind": "SCALAR", "name": "ID", "ofType": null }
            },
            "isDeprecated": false,
            "deprecationReason": null
          },
          {
            "name": "name",
            "description": null,
            "args": [],
            "type": {
              "kind": "NON_NULL",
              "name": null,
              "ofType": { "kind": "SCALAR", "name": "String", "ofType": null }
            },
            "isDeprecated": false,
            "deprecationReason": null
          },
          {
            "name": "slug",
            "description": null,
            "args": [],
            "type": { "kind": "SCALAR", "name": "String", "ofType": null },
            "isDeprecated": false,
            "deprecationReason": null
          },
          {
            "name": "heroPhoto",
            "description": null,
            "args": [],
            "type": {
              "kind": "NON_NULL",
              "name": null,
              "ofType": { "kind": "OBJECT", "name": "Media", "ofType": null }
            },
            "isDeprecated": false,
            "deprecationReason": null
          },
          {
            "name": "posts",
            "description": null,
            "args": [],
            "type": {
              "kind": "LIST",
              "name": null,
              "ofType": { "kind": "OBJECT", "name": "Blogs", "ofType": null }
            },
            "isDeprecated": false,
            "deprecationReason": null
          },
          {
            "name": "excerpt",
            "description": null,
            "args": [],
            "type": {
              "kind": "NON_NULL",
              "name": null,
              "ofType": { "kind": "SCALAR", "name": "String", "ofType": null }
            },
            "isDeprecated": false,
            "deprecationReason": null
          },
          {
            "name": "meta",
            "description": null,
            "args": [],
            "type": { "kind": "OBJECT", "name": "MetaDetails", "ofType": null },
            "isDeprecated": false,
            "deprecationReason": null
          }
        ],
        "inputFields": null,
        "interfaces": [],
        "enumValues": null,
        "possibleTypes": null
      },
      {
        "kind": "OBJECT",
        "name": "Category",
        "description": null,
        "fields": [
          {
            "name": "id",
            "description": null,
            "args": [],
            "type": {
              "kind": "NON_NULL",
              "name": null,
              "ofType": { "kind": "SCALAR", "name": "ID", "ofType": null }
            },
            "isDeprecated": false,
            "deprecationReason": null
          },
          {
            "name": "slug",
            "description": null,
            "args": [],
            "type": { "kind": "SCALAR", "name": "String", "ofType": null },
            "isDeprecated": false,
            "deprecationReason": null
          },
          {
            "name": "slugId",
            "description": null,
            "args": [],
            "type": { "kind": "SCALAR", "name": "String", "ofType": null },
            "isDeprecated": false,
            "deprecationReason": null
          },
          {
            "name": "name",
            "description": null,
            "args": [],
            "type": { "kind": "SCALAR", "name": "String", "ofType": null },
            "isDeprecated": false,
            "deprecationReason": null
          },
          {
            "name": "needName",
            "description": null,
            "args": [],
            "type": { "kind": "SCALAR", "name": "String", "ofType": null },
            "isDeprecated": false,
            "deprecationReason": null
          },
          {
            "name": "attributes",
            "description": null,
            "args": [],
            "type": {
              "kind": "LIST",
              "name": null,
              "ofType": {
                "kind": "OBJECT",
                "name": "FilterAttribute",
                "ofType": null
              }
            },
            "isDeprecated": false,
            "deprecationReason": null
          },
          {
            "name": "meta",
            "description": "ratings: [Ratings]",
            "args": [],
            "type": {
              "kind": "NON_NULL",
              "name": null,
              "ofType": {
                "kind": "OBJECT",
                "name": "MetaDetails",
                "ofType": null
              }
            },
            "isDeprecated": false,
            "deprecationReason": null
          }
        ],
        "inputFields": null,
        "interfaces": [],
        "enumValues": null,
        "possibleTypes": null
      },
      {
        "kind": "OBJECT",
        "name": "FilterAttribute",
        "description": null,
        "fields": [
          {
            "name": "id",
            "description": null,
            "args": [],
            "type": {
              "kind": "NON_NULL",
              "name": null,
              "ofType": { "kind": "SCALAR", "name": "ID", "ofType": null }
            },
            "isDeprecated": false,
            "deprecationReason": null
          },
          {
            "name": "name",
            "description": null,
            "args": [],
            "type": {
              "kind": "NON_NULL",
              "name": null,
              "ofType": { "kind": "SCALAR", "name": "String", "ofType": null }
            },
            "isDeprecated": false,
            "deprecationReason": null
          },
          {
            "name": "display",
            "description": null,
            "args": [],
            "type": {
              "kind": "OBJECT",
              "name": "DisplayOptions",
              "ofType": null
            },
            "isDeprecated": false,
            "deprecationReason": null
          },
          {
            "name": "options",
            "description": null,
            "args": [],
            "type": {
              "kind": "LIST",
              "name": null,
              "ofType": {
                "kind": "OBJECT",
                "name": "FilterAttributeOptions",
                "ofType": null
              }
            },
            "isDeprecated": false,
            "deprecationReason": null
          }
        ],
        "inputFields": null,
        "interfaces": [],
        "enumValues": null,
        "possibleTypes": null
      },
      {
        "kind": "OBJECT",
        "name": "DisplayOptions",
        "description": null,
        "fields": [
          {
            "name": "question",
            "description": null,
            "args": [],
            "type": { "kind": "SCALAR", "name": "String", "ofType": null },
            "isDeprecated": false,
            "deprecationReason": null
          },
          {
            "name": "search",
            "description": null,
            "args": [],
            "type": {
              "kind": "SCALAR",
              "name": "DisplayOptionType",
              "ofType": null
            },
            "isDeprecated": false,
            "deprecationReason": null
          },
          {
            "name": "filter",
            "description": null,
            "args": [],
            "type": {
              "kind": "SCALAR",
              "name": "DisplayOptionType",
              "ofType": null
            },
            "isDeprecated": false,
            "deprecationReason": null
          },
          {
            "name": "form",
            "description": null,
            "args": [],
            "type": {
              "kind": "SCALAR",
              "name": "DisplayOptionType",
              "ofType": null
            },
            "isDeprecated": false,
            "deprecationReason": null
          }
        ],
        "inputFields": null,
        "interfaces": [],
        "enumValues": null,
        "possibleTypes": null
      },
      {
        "kind": "SCALAR",
        "name": "DisplayOptionType",
        "description": "Boolean or enum(radio|checkbox|textbox)",
        "fields": null,
        "inputFields": null,
        "interfaces": null,
        "enumValues": null,
        "possibleTypes": null
      },
      {
        "kind": "OBJECT",
        "name": "FilterAttributeOptions",
        "description": null,
        "fields": [
          {
            "name": "id",
            "description": null,
            "args": [],
            "type": { "kind": "SCALAR", "name": "ID", "ofType": null },
            "isDeprecated": false,
            "deprecationReason": null
          },
          {
            "name": "name",
            "description": null,
            "args": [],
            "type": { "kind": "SCALAR", "name": "String", "ofType": null },
            "isDeprecated": false,
            "deprecationReason": null
          },
          {
            "name": "isDefault",
            "description": null,
            "args": [],
            "type": { "kind": "SCALAR", "name": "Boolean", "ofType": null },
            "isDeprecated": false,
            "deprecationReason": null
          }
        ],
        "inputFields": null,
        "interfaces": [],
        "enumValues": null,
        "possibleTypes": null
      },
      {
        "kind": "OBJECT",
        "name": "City",
        "description": null,
        "fields": [
          {
            "name": "id",
            "description": null,
            "args": [],
            "type": {
              "kind": "NON_NULL",
              "name": null,
              "ofType": { "kind": "SCALAR", "name": "ID", "ofType": null }
            },
            "isDeprecated": false,
            "deprecationReason": null
          },
          {
            "name": "slug",
            "description": null,
            "args": [],
            "type": { "kind": "SCALAR", "name": "String", "ofType": null },
            "isDeprecated": false,
            "deprecationReason": null
          },
          {
            "name": "slugId",
            "description": null,
            "args": [],
            "type": { "kind": "SCALAR", "name": "String", "ofType": null },
            "isDeprecated": false,
            "deprecationReason": null
          },
          {
            "name": "name",
            "description": null,
            "args": [],
            "type": { "kind": "SCALAR", "name": "String", "ofType": null },
            "isDeprecated": false,
            "deprecationReason": null
          },
          {
            "name": "categories",
            "description": null,
            "args": [],
            "type": {
              "kind": "LIST",
              "name": null,
              "ofType": { "kind": "OBJECT", "name": "Category", "ofType": null }
            },
            "isDeprecated": false,
            "deprecationReason": null
          }
        ],
        "inputFields": null,
        "interfaces": [],
        "enumValues": null,
        "possibleTypes": null
      },
      {
        "kind": "INPUT_OBJECT",
        "name": "ProfileInput",
        "description": null,
        "fields": null,
        "inputFields": [
          {
            "name": "attributes",
            "description": null,
            "type": {
              "kind": "NON_NULL",
              "name": null,
              "ofType": {
                "kind": "LIST",
                "name": null,
                "ofType": {
                  "kind": "INPUT_OBJECT",
                  "name": "AttributesInput",
                  "ofType": null
                }
              }
            },
            "defaultValue": null
          },
          {
            "name": "categoryId",
            "description": null,
            "type": {
              "kind": "NON_NULL",
              "name": null,
              "ofType": { "kind": "SCALAR", "name": "ID", "ofType": null }
            },
            "defaultValue": null
          },
          {
            "name": "cityId",
            "description": null,
            "type": {
              "kind": "NON_NULL",
              "name": null,
              "ofType": { "kind": "SCALAR", "name": "ID", "ofType": null }
            },
            "defaultValue": null
          }
        ],
        "interfaces": null,
        "enumValues": null,
        "possibleTypes": null
      },
      {
        "kind": "INPUT_OBJECT",
        "name": "AttributesInput",
        "description": null,
        "fields": null,
        "inputFields": [
          {
            "name": "attributeId",
            "description": null,
            "type": { "kind": "SCALAR", "name": "String", "ofType": null },
            "defaultValue": null
          },
          {
            "name": "optionIds",
            "description": null,
            "type": {
              "kind": "LIST",
              "name": null,
              "ofType": { "kind": "SCALAR", "name": "String", "ofType": null }
            },
            "defaultValue": null
          },
          {
            "name": "value",
            "description": null,
            "type": { "kind": "SCALAR", "name": "String", "ofType": null },
            "defaultValue": null
          }
        ],
        "interfaces": null,
        "enumValues": null,
        "possibleTypes": null
      },
      {
        "kind": "OBJECT",
        "name": "Profile",
        "description": null,
        "fields": [
          {
            "name": "attributes",
            "description": null,
            "args": [],
            "type": {
              "kind": "LIST",
              "name": null,
              "ofType": {
                "kind": "OBJECT",
                "name": "DisplayAttribute",
                "ofType": null
              }
            },
            "isDeprecated": false,
            "deprecationReason": null
          },
          {
            "name": "badges",
            "description": null,
            "args": [],
            "type": {
              "kind": "LIST",
              "name": null,
              "ofType": { "kind": "OBJECT", "name": "Badges", "ofType": null }
            },
            "isDeprecated": false,
            "deprecationReason": null
          },
          {
            "name": "city",
            "description": null,
            "args": [],
            "type": { "kind": "SCALAR", "name": "String", "ofType": null },
            "isDeprecated": false,
            "deprecationReason": null
          },
          {
            "name": "category",
            "description": null,
            "args": [],
            "type": { "kind": "OBJECT", "name": "Category", "ofType": null },
            "isDeprecated": false,
            "deprecationReason": null
          },
          {
            "name": "heroPhoto",
            "description": null,
            "args": [],
            "type": { "kind": "OBJECT", "name": "Media", "ofType": null },
            "isDeprecated": false,
            "deprecationReason": null
          },
          {
            "name": "id",
            "description": null,
            "args": [],
            "type": {
              "kind": "NON_NULL",
              "name": null,
              "ofType": { "kind": "SCALAR", "name": "ID", "ofType": null }
            },
            "isDeprecated": false,
            "deprecationReason": null
          },
          {
            "name": "name",
            "description": null,
            "args": [],
            "type": {
              "kind": "NON_NULL",
              "name": null,
              "ofType": { "kind": "SCALAR", "name": "String", "ofType": null }
            },
            "isDeprecated": false,
            "deprecationReason": null
          },
          {
            "name": "rating",
            "description": null,
            "args": [],
            "type": { "kind": "SCALAR", "name": "String", "ofType": null },
            "isDeprecated": false,
            "deprecationReason": null
          },
          {
            "name": "ratingCount",
            "description": null,
            "args": [],
            "type": { "kind": "SCALAR", "name": "String", "ofType": null },
            "isDeprecated": false,
            "deprecationReason": null
          },
          {
            "name": "reviewCount",
            "description": null,
            "args": [],
            "type": { "kind": "SCALAR", "name": "String", "ofType": null },
            "isDeprecated": false,
            "deprecationReason": null
          },
          {
            "name": "slug",
            "description": null,
            "args": [],
            "type": { "kind": "SCALAR", "name": "String", "ofType": null },
            "isDeprecated": false,
            "deprecationReason": null
          },
          {
            "name": "slugId",
            "description": null,
            "args": [],
            "type": { "kind": "SCALAR", "name": "String", "ofType": null },
            "isDeprecated": false,
            "deprecationReason": null
          },
          {
            "name": "type",
            "description": null,
            "args": [],
            "type": { "kind": "SCALAR", "name": "String", "ofType": null },
            "isDeprecated": false,
            "deprecationReason": null
          },
          {
            "name": "gallery",
            "description": null,
            "args": [],
            "type": {
              "kind": "LIST",
              "name": null,
              "ofType": { "kind": "OBJECT", "name": "Media", "ofType": null }
            },
            "isDeprecated": false,
            "deprecationReason": null
          },
          {
            "name": "averageRating",
            "description": null,
            "args": [],
            "type": {
              "kind": "LIST",
              "name": null,
              "ofType": {
                "kind": "OBJECT",
                "name": "ProfileRating",
                "ofType": null
              }
            },
            "isDeprecated": false,
            "deprecationReason": null
          },
          {
            "name": "specialities",
            "description": null,
            "args": [],
            "type": {
              "kind": "LIST",
              "name": null,
              "ofType": { "kind": "SCALAR", "name": "String", "ofType": null }
            },
            "isDeprecated": false,
            "deprecationReason": null
          },
          {
            "name": "localities",
            "description": null,
            "args": [],
            "type": {
              "kind": "LIST",
              "name": null,
              "ofType": { "kind": "SCALAR", "name": "String", "ofType": null }
            },
            "isDeprecated": false,
            "deprecationReason": null
          },
          {
            "name": "aboutUs",
            "description": null,
            "args": [],
            "type": { "kind": "SCALAR", "name": "String", "ofType": null },
            "isDeprecated": false,
            "deprecationReason": null
          },
          {
            "name": "virtualNumber",
            "description": null,
            "args": [],
            "type": { "kind": "SCALAR", "name": "String", "ofType": null },
            "isDeprecated": false,
            "deprecationReason": null
          }
        ],
        "inputFields": null,
        "interfaces": [],
        "enumValues": null,
        "possibleTypes": null
      },
      {
        "kind": "OBJECT",
        "name": "DisplayAttribute",
        "description": null,
        "fields": [
          {
            "name": "id",
            "description": null,
            "args": [],
            "type": {
              "kind": "NON_NULL",
              "name": null,
              "ofType": { "kind": "SCALAR", "name": "ID", "ofType": null }
            },
            "isDeprecated": false,
            "deprecationReason": null
          },
          {
            "name": "name",
            "description": null,
            "args": [],
            "type": {
              "kind": "NON_NULL",
              "name": null,
              "ofType": { "kind": "SCALAR", "name": "String", "ofType": null }
            },
            "isDeprecated": false,
            "deprecationReason": null
          },
          {
            "name": "values",
            "description": null,
            "args": [],
            "type": {
              "kind": "LIST",
              "name": null,
              "ofType": { "kind": "SCALAR", "name": "String", "ofType": null }
            },
            "isDeprecated": false,
            "deprecationReason": null
          },
          {
            "name": "slug",
            "description": null,
            "args": [],
            "type": {
              "kind": "NON_NULL",
              "name": null,
              "ofType": { "kind": "SCALAR", "name": "String", "ofType": null }
            },
            "isDeprecated": false,
            "deprecationReason": null
          },
          {
            "name": "forDistribution",
            "description": null,
            "args": [],
            "type": { "kind": "SCALAR", "name": "Boolean", "ofType": null },
            "isDeprecated": false,
            "deprecationReason": null
          },
          {
            "name": "forInformation",
            "description": null,
            "args": [],
            "type": { "kind": "SCALAR", "name": "Boolean", "ofType": null },
            "isDeprecated": false,
            "deprecationReason": null
          },
          {
            "name": "subtext",
            "description": null,
            "args": [],
            "type": { "kind": "SCALAR", "name": "String", "ofType": null },
            "isDeprecated": false,
            "deprecationReason": null
          },
          {
            "name": "header",
            "description": null,
            "args": [],
            "type": {
              "kind": "NON_NULL",
              "name": null,
              "ofType": { "kind": "SCALAR", "name": "String", "ofType": null }
            },
            "isDeprecated": false,
            "deprecationReason": null
          }
        ],
        "inputFields": null,
        "interfaces": [],
        "enumValues": null,
        "possibleTypes": null
      },
      {
        "kind": "OBJECT",
        "name": "Badges",
        "description": null,
        "fields": [
          {
            "name": "id",
            "description": null,
            "args": [],
            "type": { "kind": "SCALAR", "name": "ID", "ofType": null },
            "isDeprecated": false,
            "deprecationReason": null
          },
          {
            "name": "name",
            "description": null,
            "args": [],
            "type": { "kind": "SCALAR", "name": "String", "ofType": null },
            "isDeprecated": false,
            "deprecationReason": null
          }
        ],
        "inputFields": null,
        "interfaces": [],
        "enumValues": null,
        "possibleTypes": null
      },
      {
        "kind": "OBJECT",
        "name": "ProfileRating",
        "description": null,
        "fields": [
          {
            "name": "id",
            "description": null,
            "args": [],
            "type": {
              "kind": "NON_NULL",
              "name": null,
              "ofType": { "kind": "SCALAR", "name": "ID", "ofType": null }
            },
            "isDeprecated": false,
            "deprecationReason": null
          },
          {
            "name": "name",
            "description": null,
            "args": [],
            "type": {
              "kind": "NON_NULL",
              "name": null,
              "ofType": { "kind": "SCALAR", "name": "String", "ofType": null }
            },
            "isDeprecated": false,
            "deprecationReason": null
          },
          {
            "name": "rating",
            "description": null,
            "args": [],
            "type": { "kind": "SCALAR", "name": "String", "ofType": null },
            "isDeprecated": false,
            "deprecationReason": null
          },
          {
            "name": "description",
            "description": null,
            "args": [],
            "type": { "kind": "SCALAR", "name": "String", "ofType": null },
            "isDeprecated": false,
            "deprecationReason": null
          }
        ],
        "inputFields": null,
        "interfaces": [],
        "enumValues": null,
        "possibleTypes": null
      },
      {
        "kind": "INPUT_OBJECT",
        "name": "SearchInput",
        "description": null,
        "fields": null,
        "inputFields": [
          {
            "name": "freeText",
            "description": null,
            "type": {
              "kind": "NON_NULL",
              "name": null,
              "ofType": { "kind": "SCALAR", "name": "String", "ofType": null }
            },
            "defaultValue": null
          },
          {
            "name": "cityId",
            "description": null,
            "type": {
              "kind": "NON_NULL",
              "name": null,
              "ofType": { "kind": "SCALAR", "name": "ID", "ofType": null }
            },
            "defaultValue": null
          }
        ],
        "interfaces": null,
        "enumValues": null,
        "possibleTypes": null
      },
      {
        "kind": "OBJECT",
        "name": "Search",
        "description": null,
        "fields": [
          {
            "name": "profiles",
            "description": "categories: [Category]",
            "args": [],
            "type": {
              "kind": "LIST",
              "name": null,
              "ofType": { "kind": "OBJECT", "name": "Profile", "ofType": null }
            },
            "isDeprecated": false,
            "deprecationReason": null
          }
        ],
        "inputFields": null,
        "interfaces": [],
        "enumValues": null,
        "possibleTypes": null
      },
      {
        "kind": "OBJECT",
        "name": "Sem",
        "description": null,
        "fields": [
          {
            "name": "bannerImage",
            "description": null,
            "args": [],
            "type": { "kind": "OBJECT", "name": "BannerImg", "ofType": null },
            "isDeprecated": false,
            "deprecationReason": null
          },
          {
            "name": "bannerQuestion",
            "description": null,
            "args": [],
            "type": { "kind": "SCALAR", "name": "String", "ofType": null },
            "isDeprecated": false,
            "deprecationReason": null
          },
          {
            "name": "category",
            "description": null,
            "args": [],
            "type": { "kind": "SCALAR", "name": "String", "ofType": null },
            "isDeprecated": false,
            "deprecationReason": null
          },
          {
            "name": "city",
            "description": null,
            "args": [],
            "type": { "kind": "SCALAR", "name": "String", "ofType": null },
            "isDeprecated": false,
            "deprecationReason": null
          },
          {
            "name": "footerQuestion",
            "description": null,
            "args": [],
            "type": { "kind": "SCALAR", "name": "String", "ofType": null },
            "isDeprecated": false,
            "deprecationReason": null
          }
        ],
        "inputFields": null,
        "interfaces": [],
        "enumValues": null,
        "possibleTypes": null
      },
      {
        "kind": "OBJECT",
        "name": "BannerImg",
        "description": null,
        "fields": [
          {
            "name": "mobile",
            "description": null,
            "args": [],
            "type": { "kind": "SCALAR", "name": "String", "ofType": null },
            "isDeprecated": false,
            "deprecationReason": null
          },
          {
            "name": "desktop",
            "description": null,
            "args": [],
            "type": { "kind": "SCALAR", "name": "String", "ofType": null },
            "isDeprecated": false,
            "deprecationReason": null
          }
        ],
        "inputFields": null,
        "interfaces": [],
        "enumValues": null,
        "possibleTypes": null
      },
      {
        "kind": "OBJECT",
        "name": "Mutation",
        "description": null,
        "fields": [
          {
            "name": "otpVerify",
            "description": null,
            "args": [
              {
                "name": "customerId",
                "description": null,
                "type": {
                  "kind": "NON_NULL",
                  "name": null,
                  "ofType": {
                    "kind": "SCALAR",
                    "name": "String",
                    "ofType": null
                  }
                },
                "defaultValue": null
              },
              {
                "name": "otp",
                "description": null,
                "type": {
                  "kind": "NON_NULL",
                  "name": null,
                  "ofType": {
                    "kind": "SCALAR",
                    "name": "String",
                    "ofType": null
                  }
                },
                "defaultValue": null
              }
            ],
            "type": { "kind": "OBJECT", "name": "CustomerID", "ofType": null },
            "isDeprecated": false,
            "deprecationReason": null
          },
          {
            "name": "otpRegen",
            "description": null,
            "args": [
              {
                "name": "customerId",
                "description": null,
                "type": {
                  "kind": "NON_NULL",
                  "name": null,
                  "ofType": {
                    "kind": "SCALAR",
                    "name": "String",
                    "ofType": null
                  }
                },
                "defaultValue": null
              }
            ],
            "type": { "kind": "OBJECT", "name": "CustomerID", "ofType": null },
            "isDeprecated": false,
            "deprecationReason": null
          },
          {
            "name": "postContact",
            "description": null,
            "args": [
              {
                "name": "postData",
                "description": null,
                "type": {
                  "kind": "NON_NULL",
                  "name": null,
                  "ofType": {
                    "kind": "INPUT_OBJECT",
                    "name": "CustomerFields",
                    "ofType": null
                  }
                },
                "defaultValue": null
              }
            ],
            "type": {
              "kind": "NON_NULL",
              "name": null,
              "ofType": {
                "kind": "OBJECT",
                "name": "CustomerID",
                "ofType": null
              }
            },
            "isDeprecated": false,
            "deprecationReason": null
          },
          {
            "name": "postNeed",
            "description": null,
            "args": [
              {
                "name": "postData",
                "description": null,
                "type": {
                  "kind": "NON_NULL",
                  "name": null,
                  "ofType": {
                    "kind": "INPUT_OBJECT",
                    "name": "Needs",
                    "ofType": null
                  }
                },
                "defaultValue": null
              }
            ],
            "type": {
              "kind": "NON_NULL",
              "name": null,
              "ofType": {
                "kind": "OBJECT",
                "name": "CustomerID",
                "ofType": null
              }
            },
            "isDeprecated": false,
            "deprecationReason": null
          }
        ],
        "inputFields": null,
        "interfaces": [],
        "enumValues": null,
        "possibleTypes": null
      },
      {
        "kind": "OBJECT",
        "name": "CustomerID",
        "description": null,
        "fields": [
          {
            "name": "customerId",
            "description": null,
            "args": [],
            "type": {
              "kind": "NON_NULL",
              "name": null,
              "ofType": { "kind": "SCALAR", "name": "ID", "ofType": null }
            },
            "isDeprecated": false,
            "deprecationReason": null
          }
        ],
        "inputFields": null,
        "interfaces": [],
        "enumValues": null,
        "possibleTypes": null
      },
      {
        "kind": "INPUT_OBJECT",
        "name": "CustomerFields",
        "description": null,
        "fields": null,
        "inputFields": [
          {
            "name": "categoryId",
            "description": null,
            "type": {
              "kind": "NON_NULL",
              "name": null,
              "ofType": { "kind": "SCALAR", "name": "ID", "ofType": null }
            },
            "defaultValue": null
          },
          {
            "name": "cityId",
            "description": null,
            "type": {
              "kind": "NON_NULL",
              "name": null,
              "ofType": { "kind": "SCALAR", "name": "ID", "ofType": null }
            },
            "defaultValue": null
          },
          {
            "name": "email",
            "description": null,
            "type": {
              "kind": "NON_NULL",
              "name": null,
              "ofType": { "kind": "SCALAR", "name": "String", "ofType": null }
            },
            "defaultValue": null
          },
          {
            "name": "enquirySource",
            "description": null,
            "type": {
              "kind": "NON_NULL",
              "name": null,
              "ofType": { "kind": "SCALAR", "name": "Int", "ofType": null }
            },
            "defaultValue": null
          },
          {
            "name": "name",
            "description": null,
            "type": {
              "kind": "NON_NULL",
              "name": null,
              "ofType": { "kind": "SCALAR", "name": "String", "ofType": null }
            },
            "defaultValue": null
          },
          {
            "name": "phone",
            "description": null,
            "type": {
              "kind": "NON_NULL",
              "name": null,
              "ofType": { "kind": "SCALAR", "name": "String", "ofType": null }
            },
            "defaultValue": null
          },
          {
            "name": "sourceUrl",
            "description": null,
            "type": {
              "kind": "NON_NULL",
              "name": null,
              "ofType": { "kind": "SCALAR", "name": "String", "ofType": null }
            },
            "defaultValue": null
          },
          {
            "name": "userUniqueId",
            "description": null,
            "type": {
              "kind": "NON_NULL",
              "name": null,
              "ofType": { "kind": "SCALAR", "name": "ID", "ofType": null }
            },
            "defaultValue": null
          }
        ],
        "interfaces": null,
        "enumValues": null,
        "possibleTypes": null
      },
      {
        "kind": "INPUT_OBJECT",
        "name": "Needs",
        "description": null,
        "fields": null,
        "inputFields": [
          {
            "name": "categoryId",
            "description": null,
            "type": {
              "kind": "NON_NULL",
              "name": null,
              "ofType": { "kind": "SCALAR", "name": "ID", "ofType": null }
            },
            "defaultValue": null
          },
          {
            "name": "attributes",
            "description": null,
            "type": {
              "kind": "LIST",
              "name": null,
              "ofType": {
                "kind": "INPUT_OBJECT",
                "name": "PostAttribute",
                "ofType": null
              }
            },
            "defaultValue": null
          },
          {
            "name": "isDate",
            "description": null,
            "type": {
              "kind": "NON_NULL",
              "name": null,
              "ofType": { "kind": "SCALAR", "name": "String", "ofType": null }
            },
            "defaultValue": null
          },
          {
            "name": "notes",
            "description": null,
            "type": {
              "kind": "NON_NULL",
              "name": null,
              "ofType": { "kind": "SCALAR", "name": "String", "ofType": null }
            },
            "defaultValue": null
          },
          {
            "name": "posted",
            "description": null,
            "type": { "kind": "SCALAR", "name": "Boolean", "ofType": null },
            "defaultValue": null
          },
          {
            "name": "sourceUrl",
            "description": null,
            "type": {
              "kind": "NON_NULL",
              "name": null,
              "ofType": { "kind": "SCALAR", "name": "String", "ofType": null }
            },
            "defaultValue": null
          },
          {
            "name": "cityId",
            "description": null,
            "type": {
              "kind": "NON_NULL",
              "name": null,
              "ofType": { "kind": "SCALAR", "name": "ID", "ofType": null }
            },
            "defaultValue": null
          },
          {
            "name": "customerId",
            "description": null,
            "type": {
              "kind": "NON_NULL",
              "name": null,
              "ofType": { "kind": "SCALAR", "name": "String", "ofType": null }
            },
            "defaultValue": null
          },
          {
            "name": "timeslot",
            "description": null,
            "type": {
              "kind": "NON_NULL",
              "name": null,
              "ofType": { "kind": "SCALAR", "name": "String", "ofType": null }
            },
            "defaultValue": null
          }
        ],
        "interfaces": null,
        "enumValues": null,
        "possibleTypes": null
      },
      {
        "kind": "INPUT_OBJECT",
        "name": "PostAttribute",
        "description": null,
        "fields": null,
        "inputFields": [
          {
            "name": "attributeId",
            "description": null,
            "type": {
              "kind": "NON_NULL",
              "name": null,
              "ofType": { "kind": "SCALAR", "name": "ID", "ofType": null }
            },
            "defaultValue": null
          },
          {
            "name": "optionId",
            "description": null,
            "type": {
              "kind": "NON_NULL",
              "name": null,
              "ofType": {
                "kind": "LIST",
                "name": null,
                "ofType": {
                  "kind": "NON_NULL",
                  "name": null,
                  "ofType": { "kind": "SCALAR", "name": "ID", "ofType": null }
                }
              }
            },
            "defaultValue": null
          }
        ],
        "interfaces": null,
        "enumValues": null,
        "possibleTypes": null
      },
      {
        "kind": "OBJECT",
        "name": "__Schema",
        "description": "A GraphQL Schema defines the capabilities of a GraphQL server. It exposes all available types and directives on the server, as well as the entry points for query, mutation, and subscription operations.",
        "fields": [
          {
            "name": "types",
            "description": "A list of all types supported by this server.",
            "args": [],
            "type": {
              "kind": "NON_NULL",
              "name": null,
              "ofType": {
                "kind": "LIST",
                "name": null,
                "ofType": {
                  "kind": "NON_NULL",
                  "name": null,
                  "ofType": {
                    "kind": "OBJECT",
                    "name": "__Type",
                    "ofType": null
                  }
                }
              }
            },
            "isDeprecated": false,
            "deprecationReason": null
          },
          {
            "name": "queryType",
            "description": "The type that query operations will be rooted at.",
            "args": [],
            "type": {
              "kind": "NON_NULL",
              "name": null,
              "ofType": { "kind": "OBJECT", "name": "__Type", "ofType": null }
            },
            "isDeprecated": false,
            "deprecationReason": null
          },
          {
            "name": "mutationType",
            "description": "If this server supports mutation, the type that mutation operations will be rooted at.",
            "args": [],
            "type": { "kind": "OBJECT", "name": "__Type", "ofType": null },
            "isDeprecated": false,
            "deprecationReason": null
          },
          {
            "name": "subscriptionType",
            "description": "If this server support subscription, the type that subscription operations will be rooted at.",
            "args": [],
            "type": { "kind": "OBJECT", "name": "__Type", "ofType": null },
            "isDeprecated": false,
            "deprecationReason": null
          },
          {
            "name": "directives",
            "description": "A list of all directives supported by this server.",
            "args": [],
            "type": {
              "kind": "NON_NULL",
              "name": null,
              "ofType": {
                "kind": "LIST",
                "name": null,
                "ofType": {
                  "kind": "NON_NULL",
                  "name": null,
                  "ofType": {
                    "kind": "OBJECT",
                    "name": "__Directive",
                    "ofType": null
                  }
                }
              }
            },
            "isDeprecated": false,
            "deprecationReason": null
          }
        ],
        "inputFields": null,
        "interfaces": [],
        "enumValues": null,
        "possibleTypes": null
      },
      {
        "kind": "OBJECT",
        "name": "__Type",
        "description": "The fundamental unit of any GraphQL Schema is the type. There are many kinds of types in GraphQL as represented by the `__TypeKind` enum.\n\nDepending on the kind of a type, certain fields describe information about that type. Scalar types provide no information beyond a name and description, while Enum types provide their values. Object and Interface types provide the fields they describe. Abstract types, Union and Interface, provide the Object types possible at runtime. List and NonNull types compose other types.",
        "fields": [
          {
            "name": "kind",
            "description": null,
            "args": [],
            "type": {
              "kind": "NON_NULL",
              "name": null,
              "ofType": { "kind": "ENUM", "name": "__TypeKind", "ofType": null }
            },
            "isDeprecated": false,
            "deprecationReason": null
          },
          {
            "name": "name",
            "description": null,
            "args": [],
            "type": { "kind": "SCALAR", "name": "String", "ofType": null },
            "isDeprecated": false,
            "deprecationReason": null
          },
          {
            "name": "description",
            "description": null,
            "args": [],
            "type": { "kind": "SCALAR", "name": "String", "ofType": null },
            "isDeprecated": false,
            "deprecationReason": null
          },
          {
            "name": "fields",
            "description": null,
            "args": [
              {
                "name": "includeDeprecated",
                "description": null,
                "type": { "kind": "SCALAR", "name": "Boolean", "ofType": null },
                "defaultValue": "false"
              }
            ],
            "type": {
              "kind": "LIST",
              "name": null,
              "ofType": {
                "kind": "NON_NULL",
                "name": null,
                "ofType": {
                  "kind": "OBJECT",
                  "name": "__Field",
                  "ofType": null
                }
              }
            },
            "isDeprecated": false,
            "deprecationReason": null
          },
          {
            "name": "interfaces",
            "description": null,
            "args": [],
            "type": {
              "kind": "LIST",
              "name": null,
              "ofType": {
                "kind": "NON_NULL",
                "name": null,
                "ofType": { "kind": "OBJECT", "name": "__Type", "ofType": null }
              }
            },
            "isDeprecated": false,
            "deprecationReason": null
          },
          {
            "name": "possibleTypes",
            "description": null,
            "args": [],
            "type": {
              "kind": "LIST",
              "name": null,
              "ofType": {
                "kind": "NON_NULL",
                "name": null,
                "ofType": { "kind": "OBJECT", "name": "__Type", "ofType": null }
              }
            },
            "isDeprecated": false,
            "deprecationReason": null
          },
          {
            "name": "enumValues",
            "description": null,
            "args": [
              {
                "name": "includeDeprecated",
                "description": null,
                "type": { "kind": "SCALAR", "name": "Boolean", "ofType": null },
                "defaultValue": "false"
              }
            ],
            "type": {
              "kind": "LIST",
              "name": null,
              "ofType": {
                "kind": "NON_NULL",
                "name": null,
                "ofType": {
                  "kind": "OBJECT",
                  "name": "__EnumValue",
                  "ofType": null
                }
              }
            },
            "isDeprecated": false,
            "deprecationReason": null
          },
          {
            "name": "inputFields",
            "description": null,
            "args": [],
            "type": {
              "kind": "LIST",
              "name": null,
              "ofType": {
                "kind": "NON_NULL",
                "name": null,
                "ofType": {
                  "kind": "OBJECT",
                  "name": "__InputValue",
                  "ofType": null
                }
              }
            },
            "isDeprecated": false,
            "deprecationReason": null
          },
          {
            "name": "ofType",
            "description": null,
            "args": [],
            "type": { "kind": "OBJECT", "name": "__Type", "ofType": null },
            "isDeprecated": false,
            "deprecationReason": null
          }
        ],
        "inputFields": null,
        "interfaces": [],
        "enumValues": null,
        "possibleTypes": null
      },
      {
        "kind": "ENUM",
        "name": "__TypeKind",
        "description": "An enum describing what kind of type a given `__Type` is.",
        "fields": null,
        "inputFields": null,
        "interfaces": null,
        "enumValues": [
          {
            "name": "SCALAR",
            "description": "Indicates this type is a scalar.",
            "isDeprecated": false,
            "deprecationReason": null
          },
          {
            "name": "OBJECT",
            "description": "Indicates this type is an object. `fields` and `interfaces` are valid fields.",
            "isDeprecated": false,
            "deprecationReason": null
          },
          {
            "name": "INTERFACE",
            "description": "Indicates this type is an interface. `fields` and `possibleTypes` are valid fields.",
            "isDeprecated": false,
            "deprecationReason": null
          },
          {
            "name": "UNION",
            "description": "Indicates this type is a union. `possibleTypes` is a valid field.",
            "isDeprecated": false,
            "deprecationReason": null
          },
          {
            "name": "ENUM",
            "description": "Indicates this type is an enum. `enumValues` is a valid field.",
            "isDeprecated": false,
            "deprecationReason": null
          },
          {
            "name": "INPUT_OBJECT",
            "description": "Indicates this type is an input object. `inputFields` is a valid field.",
            "isDeprecated": false,
            "deprecationReason": null
          },
          {
            "name": "LIST",
            "description": "Indicates this type is a list. `ofType` is a valid field.",
            "isDeprecated": false,
            "deprecationReason": null
          },
          {
            "name": "NON_NULL",
            "description": "Indicates this type is a non-null. `ofType` is a valid field.",
            "isDeprecated": false,
            "deprecationReason": null
          }
        ],
        "possibleTypes": null
      },
      {
        "kind": "OBJECT",
        "name": "__Field",
        "description": "Object and Interface types are described by a list of Fields, each of which has a name, potentially a list of arguments, and a return type.",
        "fields": [
          {
            "name": "name",
            "description": null,
            "args": [],
            "type": {
              "kind": "NON_NULL",
              "name": null,
              "ofType": { "kind": "SCALAR", "name": "String", "ofType": null }
            },
            "isDeprecated": false,
            "deprecationReason": null
          },
          {
            "name": "description",
            "description": null,
            "args": [],
            "type": { "kind": "SCALAR", "name": "String", "ofType": null },
            "isDeprecated": false,
            "deprecationReason": null
          },
          {
            "name": "args",
            "description": null,
            "args": [],
            "type": {
              "kind": "NON_NULL",
              "name": null,
              "ofType": {
                "kind": "LIST",
                "name": null,
                "ofType": {
                  "kind": "NON_NULL",
                  "name": null,
                  "ofType": {
                    "kind": "OBJECT",
                    "name": "__InputValue",
                    "ofType": null
                  }
                }
              }
            },
            "isDeprecated": false,
            "deprecationReason": null
          },
          {
            "name": "type",
            "description": null,
            "args": [],
            "type": {
              "kind": "NON_NULL",
              "name": null,
              "ofType": { "kind": "OBJECT", "name": "__Type", "ofType": null }
            },
            "isDeprecated": false,
            "deprecationReason": null
          },
          {
            "name": "isDeprecated",
            "description": null,
            "args": [],
            "type": {
              "kind": "NON_NULL",
              "name": null,
              "ofType": { "kind": "SCALAR", "name": "Boolean", "ofType": null }
            },
            "isDeprecated": false,
            "deprecationReason": null
          },
          {
            "name": "deprecationReason",
            "description": null,
            "args": [],
            "type": { "kind": "SCALAR", "name": "String", "ofType": null },
            "isDeprecated": false,
            "deprecationReason": null
          }
        ],
        "inputFields": null,
        "interfaces": [],
        "enumValues": null,
        "possibleTypes": null
      },
      {
        "kind": "OBJECT",
        "name": "__InputValue",
        "description": "Arguments provided to Fields or Directives and the input fields of an InputObject are represented as Input Values which describe their type and optionally a default value.",
        "fields": [
          {
            "name": "name",
            "description": null,
            "args": [],
            "type": {
              "kind": "NON_NULL",
              "name": null,
              "ofType": { "kind": "SCALAR", "name": "String", "ofType": null }
            },
            "isDeprecated": false,
            "deprecationReason": null
          },
          {
            "name": "description",
            "description": null,
            "args": [],
            "type": { "kind": "SCALAR", "name": "String", "ofType": null },
            "isDeprecated": false,
            "deprecationReason": null
          },
          {
            "name": "type",
            "description": null,
            "args": [],
            "type": {
              "kind": "NON_NULL",
              "name": null,
              "ofType": { "kind": "OBJECT", "name": "__Type", "ofType": null }
            },
            "isDeprecated": false,
            "deprecationReason": null
          },
          {
            "name": "defaultValue",
            "description": "A GraphQL-formatted string representing the default value for this input value.",
            "args": [],
            "type": { "kind": "SCALAR", "name": "String", "ofType": null },
            "isDeprecated": false,
            "deprecationReason": null
          }
        ],
        "inputFields": null,
        "interfaces": [],
        "enumValues": null,
        "possibleTypes": null
      },
      {
        "kind": "OBJECT",
        "name": "__EnumValue",
        "description": "One possible value for a given Enum. Enum values are unique values, not a placeholder for a string or numeric value. However an Enum value is returned in a JSON response as a string.",
        "fields": [
          {
            "name": "name",
            "description": null,
            "args": [],
            "type": {
              "kind": "NON_NULL",
              "name": null,
              "ofType": { "kind": "SCALAR", "name": "String", "ofType": null }
            },
            "isDeprecated": false,
            "deprecationReason": null
          },
          {
            "name": "description",
            "description": null,
            "args": [],
            "type": { "kind": "SCALAR", "name": "String", "ofType": null },
            "isDeprecated": false,
            "deprecationReason": null
          },
          {
            "name": "isDeprecated",
            "description": null,
            "args": [],
            "type": {
              "kind": "NON_NULL",
              "name": null,
              "ofType": { "kind": "SCALAR", "name": "Boolean", "ofType": null }
            },
            "isDeprecated": false,
            "deprecationReason": null
          },
          {
            "name": "deprecationReason",
            "description": null,
            "args": [],
            "type": { "kind": "SCALAR", "name": "String", "ofType": null },
            "isDeprecated": false,
            "deprecationReason": null
          }
        ],
        "inputFields": null,
        "interfaces": [],
        "enumValues": null,
        "possibleTypes": null
      },
      {
        "kind": "OBJECT",
        "name": "__Directive",
        "description": "A Directive provides a way to describe alternate runtime execution and type validation behavior in a GraphQL document.\n\nIn some cases, you need to provide options to alter GraphQL's execution behavior in ways field arguments will not suffice, such as conditionally including or skipping a field. Directives provide this by describing additional information to the executor.",
        "fields": [
          {
            "name": "name",
            "description": null,
            "args": [],
            "type": {
              "kind": "NON_NULL",
              "name": null,
              "ofType": { "kind": "SCALAR", "name": "String", "ofType": null }
            },
            "isDeprecated": false,
            "deprecationReason": null
          },
          {
            "name": "description",
            "description": null,
            "args": [],
            "type": { "kind": "SCALAR", "name": "String", "ofType": null },
            "isDeprecated": false,
            "deprecationReason": null
          },
          {
            "name": "locations",
            "description": null,
            "args": [],
            "type": {
              "kind": "NON_NULL",
              "name": null,
              "ofType": {
                "kind": "LIST",
                "name": null,
                "ofType": {
                  "kind": "NON_NULL",
                  "name": null,
                  "ofType": {
                    "kind": "ENUM",
                    "name": "__DirectiveLocation",
                    "ofType": null
                  }
                }
              }
            },
            "isDeprecated": false,
            "deprecationReason": null
          },
          {
            "name": "args",
            "description": null,
            "args": [],
            "type": {
              "kind": "NON_NULL",
              "name": null,
              "ofType": {
                "kind": "LIST",
                "name": null,
                "ofType": {
                  "kind": "NON_NULL",
                  "name": null,
                  "ofType": {
                    "kind": "OBJECT",
                    "name": "__InputValue",
                    "ofType": null
                  }
                }
              }
            },
            "isDeprecated": false,
            "deprecationReason": null
          }
        ],
        "inputFields": null,
        "interfaces": [],
        "enumValues": null,
        "possibleTypes": null
      },
      {
        "kind": "ENUM",
        "name": "__DirectiveLocation",
        "description": "A Directive can be adjacent to many parts of the GraphQL language, a __DirectiveLocation describes one such possible adjacencies.",
        "fields": null,
        "inputFields": null,
        "interfaces": null,
        "enumValues": [
          {
            "name": "QUERY",
            "description": "Location adjacent to a query operation.",
            "isDeprecated": false,
            "deprecationReason": null
          },
          {
            "name": "MUTATION",
            "description": "Location adjacent to a mutation operation.",
            "isDeprecated": false,
            "deprecationReason": null
          },
          {
            "name": "SUBSCRIPTION",
            "description": "Location adjacent to a subscription operation.",
            "isDeprecated": false,
            "deprecationReason": null
          },
          {
            "name": "FIELD",
            "description": "Location adjacent to a field.",
            "isDeprecated": false,
            "deprecationReason": null
          },
          {
            "name": "FRAGMENT_DEFINITION",
            "description": "Location adjacent to a fragment definition.",
            "isDeprecated": false,
            "deprecationReason": null
          },
          {
            "name": "FRAGMENT_SPREAD",
            "description": "Location adjacent to a fragment spread.",
            "isDeprecated": false,
            "deprecationReason": null
          },
          {
            "name": "INLINE_FRAGMENT",
            "description": "Location adjacent to an inline fragment.",
            "isDeprecated": false,
            "deprecationReason": null
          },
          {
            "name": "VARIABLE_DEFINITION",
            "description": "Location adjacent to a variable definition.",
            "isDeprecated": false,
            "deprecationReason": null
          },
          {
            "name": "SCHEMA",
            "description": "Location adjacent to a schema definition.",
            "isDeprecated": false,
            "deprecationReason": null
          },
          {
            "name": "SCALAR",
            "description": "Location adjacent to a scalar definition.",
            "isDeprecated": false,
            "deprecationReason": null
          },
          {
            "name": "OBJECT",
            "description": "Location adjacent to an object type definition.",
            "isDeprecated": false,
            "deprecationReason": null
          },
          {
            "name": "FIELD_DEFINITION",
            "description": "Location adjacent to a field definition.",
            "isDeprecated": false,
            "deprecationReason": null
          },
          {
            "name": "ARGUMENT_DEFINITION",
            "description": "Location adjacent to an argument definition.",
            "isDeprecated": false,
            "deprecationReason": null
          },
          {
            "name": "INTERFACE",
            "description": "Location adjacent to an interface definition.",
            "isDeprecated": false,
            "deprecationReason": null
          },
          {
            "name": "UNION",
            "description": "Location adjacent to a union definition.",
            "isDeprecated": false,
            "deprecationReason": null
          },
          {
            "name": "ENUM",
            "description": "Location adjacent to an enum definition.",
            "isDeprecated": false,
            "deprecationReason": null
          },
          {
            "name": "ENUM_VALUE",
            "description": "Location adjacent to an enum value definition.",
            "isDeprecated": false,
            "deprecationReason": null
          },
          {
            "name": "INPUT_OBJECT",
            "description": "Location adjacent to an input object type definition.",
            "isDeprecated": false,
            "deprecationReason": null
          },
          {
            "name": "INPUT_FIELD_DEFINITION",
            "description": "Location adjacent to an input object field definition.",
            "isDeprecated": false,
            "deprecationReason": null
          }
        ],
        "possibleTypes": null
      },
      {
        "kind": "SCALAR",
        "name": "JSON",
        "description": "The `JSON` scalar type represents JSON values as specified by [ECMA-404](http://www.ecma-international.org/publications/files/ECMA-ST/ECMA-404.pdf).",
        "fields": null,
        "inputFields": null,
        "interfaces": null,
        "enumValues": null,
        "possibleTypes": null
      },
      {
        "kind": "OBJECT",
        "name": "ProfileReview",
        "description": null,
        "fields": [
          {
            "name": "id",
            "description": null,
            "args": [],
            "type": {
              "kind": "NON_NULL",
              "name": null,
              "ofType": { "kind": "SCALAR", "name": "ID", "ofType": null }
            },
            "isDeprecated": false,
            "deprecationReason": null
          },
          {
            "name": "name",
            "description": null,
            "args": [],
            "type": {
              "kind": "NON_NULL",
              "name": null,
              "ofType": { "kind": "SCALAR", "name": "String", "ofType": null }
            },
            "isDeprecated": false,
            "deprecationReason": null
          },
          {
            "name": "reviewer",
            "description": null,
            "args": [],
            "type": {
              "kind": "OBJECT",
              "name": "ProfileReviewer",
              "ofType": null
            },
            "isDeprecated": false,
            "deprecationReason": null
          },
          {
            "name": "rating",
            "description": null,
            "args": [],
            "type": {
              "kind": "LIST",
              "name": null,
              "ofType": {
                "kind": "OBJECT",
                "name": "ProfileRating",
                "ofType": null
              }
            },
            "isDeprecated": false,
            "deprecationReason": null
          },
          {
            "name": "review",
            "description": null,
            "args": [],
            "type": { "kind": "SCALAR", "name": "String", "ofType": null },
            "isDeprecated": false,
            "deprecationReason": null
          },
          {
            "name": "event",
            "description": null,
            "args": [],
            "type": { "kind": "SCALAR", "name": "String", "ofType": null },
            "isDeprecated": false,
            "deprecationReason": null
          },
          {
            "name": "date",
            "description": null,
            "args": [],
            "type": { "kind": "SCALAR", "name": "String", "ofType": null },
            "isDeprecated": false,
            "deprecationReason": null
          },
          {
            "name": "createdOn",
            "description": null,
            "args": [],
            "type": { "kind": "SCALAR", "name": "String", "ofType": null },
            "isDeprecated": false,
            "deprecationReason": null
          },
          {
            "name": "publishedOn",
            "description": null,
            "args": [],
            "type": { "kind": "SCALAR", "name": "String", "ofType": null },
            "isDeprecated": false,
            "deprecationReason": null
          }
        ],
        "inputFields": null,
        "interfaces": [],
        "enumValues": null,
        "possibleTypes": null
      },
      {
        "kind": "OBJECT",
        "name": "ProfileReviewer",
        "description": null,
        "fields": [
          {
            "name": "id",
            "description": null,
            "args": [],
            "type": {
              "kind": "NON_NULL",
              "name": null,
              "ofType": { "kind": "SCALAR", "name": "ID", "ofType": null }
            },
            "isDeprecated": false,
            "deprecationReason": null
          },
          {
            "name": "name",
            "description": null,
            "args": [],
            "type": { "kind": "SCALAR", "name": "String", "ofType": null },
            "isDeprecated": false,
            "deprecationReason": null
          },
          {
            "name": "profilePhoto",
            "description": null,
            "args": [],
            "type": { "kind": "OBJECT", "name": "Media", "ofType": null },
            "isDeprecated": false,
            "deprecationReason": null
          }
        ],
        "inputFields": null,
        "interfaces": [],
        "enumValues": null,
        "possibleTypes": null
      },
      {
        "kind": "ENUM",
        "name": "Role",
        "description": null,
        "fields": null,
        "inputFields": null,
        "interfaces": null,
        "enumValues": [
          {
            "name": "VENDOR",
            "description": null,
            "isDeprecated": false,
            "deprecationReason": null
          },
          {
            "name": "ADMIN",
            "description": null,
            "isDeprecated": false,
            "deprecationReason": null
          }
        ],
        "possibleTypes": null
      }
    ],
    "directives": [
      {
        "name": "skip",
        "description": "Directs the executor to skip this field or fragment when the `if` argument is true.",
        "locations": ["FIELD", "FRAGMENT_SPREAD", "INLINE_FRAGMENT"],
        "args": [
          {
            "name": "if",
            "description": "Skipped when true.",
            "type": {
              "kind": "NON_NULL",
              "name": null,
              "ofType": { "kind": "SCALAR", "name": "Boolean", "ofType": null }
            },
            "defaultValue": null
          }
        ]
      },
      {
        "name": "include",
        "description": "Directs the executor to include this field or fragment only when the `if` argument is true.",
        "locations": ["FIELD", "FRAGMENT_SPREAD", "INLINE_FRAGMENT"],
        "args": [
          {
            "name": "if",
            "description": "Included when true.",
            "type": {
              "kind": "NON_NULL",
              "name": null,
              "ofType": { "kind": "SCALAR", "name": "Boolean", "ofType": null }
            },
            "defaultValue": null
          }
        ]
      },
      {
        "name": "deprecated",
        "description": "Marks an element of a GraphQL schema as no longer supported.",
        "locations": ["FIELD_DEFINITION", "ENUM_VALUE"],
        "args": [
          {
            "name": "reason",
            "description": "Explains why this element was deprecated, usually also including a suggestion for how to access supported similar data. Formatted using the Markdown syntax (as specified by [CommonMark](https://commonmark.org/).",
            "type": { "kind": "SCALAR", "name": "String", "ofType": null },
            "defaultValue": "\"No longer supported\""
          }
        ]
      }
    ]
  }
}
