{
  "extends": ["tslint:recommended", "tslint-react", "tslint-config-prettier"],
  "linterOptions": {
    "exclude": [
      "config/**/*.js",
      "node_modules/**/*.ts",
      "coverage/lcov-report/*.js",
      ".docz/**/*.js"
    ]
  },
  "rules": {
    "interface-name": [true, "never-prefix"],
    "object-literal-sort-keys": [false],
    "no-console": [true, "warning"],
    "jsx-no-lambda": [false],
    "no-empty-interface": [false],
    "no-empty": [true, "allow-empty-catch", "allow-empty-functions"]
  }
}
